{
	"class_name" : "PinholeCameraParameters",
	"extrinsic" : 
	[
		0.056713229285735627,
		-0.2210373584706391,
		0.97373615324886142,
		0.0,
		-0.99838941135674897,
		-0.014002366599949989,
		0.054985101056147206,
		0.0,
		0.0014808493198429889,
		-0.97516481678223133,
		-0.22094013333470061,
		0.0,
		0.51750495556422049,
		3.3586555754358223,
		12.007035681769459,
		1.0
	],
	"intrinsic" : 
	{
		"height" : 1043,
		"intrinsic_matrix" : 
		[
			903.26449614716955,
			0.0,
			0.0,
			0.0,
			903.26449614716955,
			0.0,
			959.5,
			521.0,
			1.0
		],
		"width" : 1920
	},
	"version_major" : 1,
	"version_minor" : 0
}