{
	"class_name" : "PinholeCameraParameters",
	"extrinsic" : 
	[
		0.056713229285735613,
		-0.21758116798437474,
		0.9743931675471349,
		0.0,
		-0.99838941135674897,
		-0.013807195227351958,
		0.055026763040163358,
		0.0,
		0.0014808493198429917,
		-0.97594456640657068,
		-0.21801378485495548,
		0.0,
		0.51750495556422049,
		3.3679973890014208,
		11.996937320932945,
		1.0
	],
	"intrinsic" : 
	{
		"height" : 1043,
		"intrinsic_matrix" : 
		[
			903.26449614716955,
			0.0,
			0.0,
			0.0,
			903.26449614716955,
			0.0,
			959.5,
			521.0,
			1.0
		],
		"width" : 1920
	},
	"version_major" : 1,
	"version_minor" : 0
}